id,name,surname,weight,gender,club,categories
1,Anna,Kowalska,62.5,Kobieta,Spartans,Amator Kobiet +65 kg
2,Jan,Nowak,80.0,Mężczyzna,IronFit,Amator Kobiet 65 kg
3,Maria,Wiśniewska,55.0,Kobieta,PowerZone,Amator Mężczyzn +85 kg
4,Piotr,Zieliński,90.2,Mężczyzna,Spartans,Amator Mężczyzn 85 kg
5,Karolina,Maj,70.0,Kobieta,IronFit,Junior 16 Chłopców
6,Maria,Wiśniewska,55.0,Kobieta,PowerZone,Junior 16 Dziewcząt
7,Piotr,Zielifdsfsański,90.2,Mężczyzna,Spartans,Masters +45 Kobiet
8,Karofsdlina,Mafasdfj,70.0,Kobieta,IronFit,Masters +45 Mężczyzn
9,Marirewa,Wiśnifsdfsewska,55.0,Kobieta,PowerZone,Najlepsza Bochnianka
10,Piofsdfsatr,Zielifgasński,90.2,Mężczyzna,Spartans,Najlepszy Bochnianin
11,fsd,fs,70.0,Kobieta,IronFit,Pro Kobiet +65 kg
12,dddd,Wiśnffiewska,55.0,Kobieta,PowerZone,Pro Kobiet 65 kg
13,Piotr,Ziessliński,90.2,Mężczyzna,Spartans,Pro Mężczyzn +85 kg
14,Karoliafna,Mfsaj,70.0,Kobieta,IronFit,Pro Mężczyzn 85 kg